Issue ID,Issue Link,Upstream System,Downstream System,Failure Plane,Data Plane: Properties,Failure Consequence,Fix: Pattern,Fix: Location,Discrepancy pattern type,Data Plane: Abstraction,Data Plane: Involves Data Serialization,Management Plane: Configuration Parameter or Component
FLINK-3300,https://docs.google.com/document/d/1hquZCSBnsPdgpm6_k_h1B--co7_wfzK1YD_TMe-lgfA/edit?usp=sharing,Flink,YARN,Control,,Runtime crash/hang,Interaction,Code specific to downstream interaction: Connector ,API Semantics Violation,,,
FLINK-3081,https://docs.google.com/document/d/1zqWsSLyP_fKK-XA6pMqLrIrsdP5e8rTHjtG3Oj1hs7A/edit?usp=sharing,Flink,Kafka,Data,API semantics,Resource leak,Error handling,Code specific to downstream interaction: Connector ,Wrong API Assumptions,Stream,No,
HBASE-16621,https://docs.google.com/document/d/10OEKTc0or82ruXY6r15eH8NBoI6t55CLnuh7RelX3HU/edit?usp=sharing,HBase,HDFS,Control,,"Unexpected Behaviour
",Interaction,Code not specific to downstream interaction ,State/Resource Inconsistency,,,
YARN-2790,https://docs.google.com/document/d/1kQor_gV_cGp9ReFfMjW8Jy2CSJmuF9BXvK6VMR8L3dA/edit?usp=sharing,YARN,HDFS,Management,,Reduced observability,Interaction,Code not specific to downstream interaction ,Inconsistent Context,,,Component
HBASE-17538,https://docs.google.com/document/d/1YoqYYj-4kRXI7VsYzFeXel-_-M675BFfKtTMwEZ_3GQ/edit?usp=sharing,HBase,HDFS,Management,,Reduced observability,Checking,Code specific to downstream interaction: Connector ,Inconsistent Context,,,Parameter
HIVE-16180,https://issues.apache.org/jira/browse/HIVE-16180,Hive,YARN,Management,,Performance issue,Interaction,Code not specific to downstream interaction ,Monitoring discrepancy,,,
FLINK-3440,https://docs.google.com/document/d/1LASk8N0TgiZTZmLOyhwPS2eZ5RdjNzb9pzdB59TG254/edit?usp=sharing,Flink,Kafka,Management,,Reduced observability,Interaction,Code specific to downstream interaction: Connector ,Monitoring discrepancy,,,
SPARK-23679,https://docs.google.com/document/d/1rLkvbhiKB6g5exCQQgJ2_r3tqH7kABfb2Au1uguTvdQ/edit?usp=sharing,Spark,YARN,Management,,Reduced observability,Checking,Code specific to downstream interaction: Connector ,Inconsistent Context,,,Parameter
YARN-9724,https://docs.google.com/document/d/1teZTYS4uzOVzEqFpHPrSD7kUy7gILmn9ezMqNtNKSB0/edit?usp=sharing,Spark,YARN,Control,,Startup failure,Interaction,Code not specific to downstream interaction ,Feature inconsistency,,,
SPARK-10851,https://docs.google.com/document/d/11RWtXAB3Gc24a_hl-8Nks4Y1-yJZ4Tn83WmuWu5lDzM/edit?usp=sharing,Spark,YARN,Management,,Reduced observability,Error handling,Code not specific to downstream interaction ,Monitoring discrepancy,,,
SPARK-4647,https://issues.apache.org/jira/browse/SPARK-3627,Spark,YARN,Management,,Reduced observability,Interaction,Code specific to downstream interaction: Connector ,Monitoring discrepancy,,,
HBASE-537,https://docs.google.com/document/d/1BJU-NpPAAyNh7B8XBBVtyxOjZwaE5x6-xtJygeq7G_8/edit?usp=sharing,HBase,HDFS,Control,,Startup failure,Checking,Code specific to downstream interaction: Scattered ,State/Resource Inconsistency,,,
FLINK-12342,https://docs.google.com/document/d/1popZU4ZJPbM51pkm6Dpa-xZdlE-gmd6P6NubTPeHSic/edit?usp=sharing,Flink,YARN,Control,,Performance issue,Interaction,Code specific to downstream interaction: Connector ,API Semantics Violation,,,
FLINK-17935,https://docs.google.com/document/d/18irhaj2YQ7K0VgU4e6TvkSr5ECm_dTUPQVpRap0pcKE/edit?usp=sharing,Flink,YARN,Management,,Reduced observability,Interaction,Code specific to downstream interaction: Connector ,Ignorance,,,Parameter
YARN-2724,https://docs.google.com/document/d/10mIUdRS4ELAg4qjQWiEPzGVL-Szzwo5cjH4bEod1_ss/edit,YARN,HDFS,Management,,Reduced observability,Error handling,Code not specific to downstream interaction ,Monitoring discrepancy,,,
SPARK-21714,https://docs.google.com/document/d/1YF7vX7gUhyefPX6mmybyazf5SnUXOsitZQ1LnVGMOqs/edit?usp=sharing,Spark,YARN,Management,,Performance issue,Interaction,Code specific to downstream interaction: Scattered,Unexpected Override,,,Parameter
FLINK-9349,https://docs.google.com/document/d/1GscvxRtdWjp5Le_nBxFT4xqU5__S-A9sIqbp1fEeY1U/edit?usp=sharing,Flink,Kafka,Data,API semantics,Job/task failure,Interaction,Code specific to downstream interaction: Connector ,Wrong API Assumptions,Stream,No,
HIVE-10671,https://docs.google.com/document/d/1d1eYULBng5mU65ID948Uaf3N56GgO2MCPtN7FqD_7y4/edit?usp=sharing,Hive,Spark,Data,Custom Property,Performance issues,Checking,Code specific to downstream interaction: Connector ,Wrong API Assumptions,File,No,
SPARK-18968,https://docs.google.com/document/d/1kNyP-HT3_8uHmsc46McaLG-4FZ3S4kxEsmbKBf3frkI/edit?usp=sharing,Spark,YARN,Management,,Job/task crash/hang,Error handling,Code specific to downstream interaction: Connector ,Monitoring discrepancy,,,
FLINK-4486,https://docs.google.com/document/d/14e8bgPpdAbfM6lq_zCWnZs0iqCVceLbZmfK5fFoULG8/edit?usp=sharing,Flink,YARN,Control,,Runtime crash/hang,Interaction,Code specific to downstream interaction: Connector ,State/Resource Inconsistency,,,
HIVE-12229,https://docs.google.com/document/d/18rWi6e5X3g3gq7JMeHnO_WJJDp0pClYIPzhS9bJVBAY/edit?usp=sharing,Hive,Spark,Data,Address,Job/task failure,Checking,Code specific to downstream interaction: Connector ,Unspoken Convention,File,No,
SPARK-20898,https://docs.google.com/document/d/1SzJA29qoefpXkWeVIqO9L2mhftT6py3X6wSBCr3iIrw/edit?usp=sharing,Spark,YARN,Control,,Runtime crash/hang,Interaction,Code not specific to downstream interaction ,API Semantics Violation,,,
SPARK-30495,https://issues.apache.org/jira/browse/SPARK-30495,Spark,Kafka,Management,,Job/task crash/hang,Checking,Code specific to downstream interaction: Connector ,Ignorance,,,Parameter
FLINK-3352,https://issues.apache.org/jira/browse/FLINK-3352,Flink,HDFS,Management,,Job/task crash/hang,Interaction,Code specific to downstream interaction: Scattered,Ignorance,,,Component
HBASE-10029,https://docs.google.com/document/d/1XJw3gy2bJ27ng_aEfViewNE-8Lzh6HlyFzcDx0zXGcU/edit?usp=sharing,HBase,HDFS,Control,,"Unexpected Behaviour
",Checking,Code specific to downstream interaction: Connector ,Feature inconsistency,,,
HIVE-13017,https://issues.apache.org/jira/browse/HIVE-13017,Hive,HDFS,Management,,Job/task crash/hang,Checking,Code specific to downstream interaction: Scattered,Ignorance,,,Parameter
HIVE-17489,https://issues.apache.org/jira/browse/HIVE-17489,Hive,HDFS,Management,,Job/task crash/hang,Interaction,Code not specific to downstream interaction ,Inconsistent Context,,,Component
SPARK-10006,https://docs.google.com/document/d/14Pcq5MehrnDOoa6rmUf8B7aw0LDLcuRNHeQr7EFalFc/edit?usp=sharing,Spark,HDFS,Control,,Performance issue,Others,N.A.,API Semantics Violation,,,
FLINK-13758,https://docs.google.com/document/d/1wBbb9h_kjpToegCCRs1d6oPKYSUvDOrdOq87znRzUUE/edit,Flink,HDFS,Data,Custom Property,Job/task startup failure,Checking,Code specific to downstream interaction: Scattered,Wrong API Assumptions,File,No,
SPARK-2604,https://docs.google.com/document/d/1GjPzsmk6oL6mTwbo_ZBDBHk5y0gdKghnjwaZnVwGCp0/edit?usp=sharing,Spark,YARN,Control,,Startup failure,Checking,Code specific to downstream interaction: Connector ,State/Resource Inconsistency,,,
SPARK-19580,https://docs.google.com/document/d/1UzTRP5ttvWtBhiQpkBnMng1-ypiaWsJJg31G-rkGk5E/edit?usp=sharing,Spark,Hive,Management,,Job/task crash/hang,Interaction,Code specific to downstream interaction: Connector ,Ignorance,,,Parameter
FLINK-4155,https://docs.google.com/document/d/1X89LRofOgIFJcTMFIOKgPHanX-wv4k7TgN60dP-HvGQ/edit?usp=sharing,Flink,Kafka,Control,,Unexpected Behaviour,Interaction,Code specific to downstream interaction: Connector ,API Semantics Violation,,,
FLINK-15168,https://docs.google.com/document/d/1a0GAIaaNXSrWXDBireEumBqOVYzbpYmTNwnSayKBoH4/edit?usp=sharing,Flink,Hive,Data,Schema: Value,Job/task failure,Interaction,Code not specific to downstream interaction ,Type Confusion,Table,Yes,
FLINK-15429,https://docs.google.com/document/d/159QrLmhokjdDUgozZ60Uzj5edpKFdWfj7gzk3nQrE4Y/edit?usp=sharing,Flink,Hive,Data,Schema: Value,Job/task failure,Checking,Code specific to downstream interaction: Connector ,Undefined Values,Table,Yes,
SPARK-17000,https://docs.google.com/document/d/1gUXq_2IFfkNTuT1wCu19uEMs9Rk_r8hhsrvsiOitvFw/edit?usp=sharing,Spark,Hive,Management,,Job/task crash/hang,Interaction,Code specific to downstream interaction: Connector ,Unexpected Override,,,Parameter
SPARK-21627,https://docs.google.com/document/d/1cQAcMPaMKuG9v1kzORQY3U7L_CeCgbq_a0AXIbLlsC4/edit,Spark,Hive,Data,Schema: Structure,Job/task failure,Checking,Code specific to downstream interaction: Connector ,Type Confusion,Table,No,
SPARK-9757,https://docs.google.com/document/d/1a1cnjZg3fhF4BFUzVjzEarxaeInPto2oWDJhw3kAqJ8/edit,Spark,Hive,Data,Schema: Value,Job/task failure,Checking,Code specific to downstream interaction: Connector ,Unsupported Operations,Table,Yes,
FLINK-13197,https://docs.google.com/document/d/1TByvezZt8O1mfu5-iUkYqL9E0xsf_QUrofhoLewr_io/edit,Flink,Hive,Data,Schema: Structure,Job/task failure,Interaction,Code not specific to downstream interaction ,Type Confusion,Table,No,
FLINK-13869,https://docs.google.com/document/d/1hlW-lsHHN33rBaRBWUZW-gnblIM8fsnhK5PjF-ZQTHM/edit?usp=sharing,Flink,Hive,Data,Schema: Value,Job/task failure,Interaction,Code not specific to downstream interaction ,Undefined Values,Table,No,
FLINK-15194,https://docs.google.com/document/d/1XpwnVGrZcHptbaIvQgidrwF75H6UEjVAgDVgD3Q40PQ/edit?usp=sharing,Flink,YARN,Data,Custom Property,Job/task failure,Checking,Code not specific to downstream interaction ,Wrong API Assumptions,File,No,
FLINK-17189,https://docs.google.com/document/d/1-HTyRlSi3b9ZhSf1KN4whaZwWVY4fBgqk9m1hOzlwRo/edit?usp=sharing,Flink,Hive,Data,Schema: Value,Job/task failure,Interaction,Code not specific to downstream interaction ,Type Confusion,Table,Yes,
FLINK-2325,https://docs.google.com/document/d/1TfpdLNauzEZGtshWyzqquZeW5Y5Z4r2B_1sG4OGyzVQ/edit?usp=sharing,Flink,Kafka,Data,Schema: Value,Job/task failure,Interaction,Code specific to downstream interaction: Connector ,Undefined Values,Stream,No,
SPARK-8017,https://docs.google.com/document/d/16XKLmEqmGX61NcphiRGuqRTv8-6RnCE61roAirVkZnw/edit?usp=sharing,Spark,YARN,Management,,Job/task crash/hang,Interaction,Code specific to downstream interaction: Connector ,Ignorance,,,Parameter
FLINK-9384,https://docs.google.com/document/d/1xKZkVzWgGp4NK_cN9MfTr1uWvyBNlpI2ATQjGPjJYXg/edit?usp=sharing,Flink,Kafka,Data,Schema: Structure,Job/task failure,Interaction,Code not specific to downstream interaction ,Type Confusion,Table,Yes,
HIVE-11166,https://docs.google.com/document/d/1dJoUqZZhgddsJnJs6Z-ANT8qG_rYTk3wT6lZYrGdUxo/edit?usp=sharing,Spark,Hive,Data,Schema: Structure,Job/task failure,Interaction,Code specific to downstream interaction: Connector ,Type Confusion,Table,No,
HIVE-16958,https://docs.google.com/document/d/1062YbG7CcEL2EUm79nnbRWJTxerKK83915LOWwWk16M/edit?usp=sharing,Hive,Spark,Data,Schema: Structure,Job/task failure,Checking,Code not specific to downstream interaction ,Unsupported Operations,Table,No,
HIVE-17002,https://docs.google.com/document/d/1OAF7xPFzgUinO2JHNw4s2KPM45YjICU4V4jpO8QDBaI/edit?usp=sharing,Hive,HBase,Data,Schema: Value,Job/task failure,Interaction,Code not specific to downstream interaction ,Type Confusion,Table,Yes,
HIVE-19266,https://docs.google.com/document/d/1a1n7BIbhpIwqrajdmTDRIb3HPx3opP4hUP11BMCtbzY/edit?usp=sharing,Hive,Spark,Data,Address,Job/task failure,Checking,Code specific to downstream interaction: Connector ,Unsupported Operations,File,No,
SPARK-10122,https://docs.google.com/document/d/1y7JGjPZgMq6dt1JCLektWDBCprs_bAp9-33bvXJ29Uk/edit?usp=sharing,Spark,Kafka,Data,Schema: Structure,Job/task failure,Checking,Code not specific to downstream interaction ,Type Confusion,Stream,No,
SPARK-1111,https://docs.google.com/document/d/1Q1rY9jIU_oHdSkAfd-FBx7b_Z9GvMWJQo4Qfne88Aoo/edit?usp=sharing,Spark,HDFS,Data,Address,Job/task failure,Checking,Code not specific to downstream interaction ,Unsupported Operations,File,No,
SPARK-16605,https://docs.google.com/document/d/17Yzb85u2G6lQ9GYUI8RlswLS1OeQusPkdCcP6tloW7Y/edit?usp=sharing,Spark,Hive,Data,Schema: Structure,Job/task failure,Interaction,Code specific to downstream interaction: Connector ,Unspoken Convention,Table,Yes,
SPARK-17335,https://docs.google.com/document/d/1xYq94F1Q4VtXwaBnSKAco4teKhyptV-9b75F_TyXDbo/edit?usp=sharing,Spark,Hive,Data,Schema: Value,Job/task failure,Interaction,Code not specific to downstream interaction ,Unsupported Operations,Table,Yes,
SPARK-17853,https://docs.google.com/document/d/1wh8eje01agzfjHceYxsXYUb_0FDqKL3ZSildF5Shc1M/edit?usp=sharing,Spark,Kafka,Data,Address,Job/task failure,Others,N.A.,Wrong API Assumptions,Stream,No,
SPARK-18220,https://docs.google.com/document/d/12qHrCfEXNnkn02kF0fggflgXcEo4-XYoIm_1hrgMhk4/edit?usp=sharing,Spark,Hive,Data,Schema: Value,Job/task failure,Interaction,Code specific to downstream interaction: Connector ,Type Confusion,Table,Yes,
SPARK-19308,https://docs.google.com/document/d/1Qat0v3KdV2qUIyp8p70LMGoAlG-0eAO1bUJIQMstMTM/edit?usp=sharing,Spark,Hive,Data,Schema: Structure,Job/task failure,Interaction,Code not specific to downstream interaction ,Unspoken Convention,Table,No,
SPARK-19361,https://docs.google.com/document/d/1UJgDc7qIo7hbhzgyCKLasAnFK4LSSQn7ixSO5-zsuzM/edit?usp=sharing,Spark,Kafka,Data,API semantics,Job/task failure,Interaction,Code specific to downstream interaction: Connector ,Wrong API Assumptions,Stream,No,
SPARK-20911,https://docs.google.com/document/d/1PumRwstmfpK7ZvXZtggUjEq8NDcLhNrmTpzOejuCsks/edit?usp=sharing,Spark,Kafka,Data,API semantics,Job/task failure,Others,N.A.,Wrong API Assumptions,Stream,No,
SPARK-21686,https://docs.google.com/document/d/1yHuXzfDkopM_UlxfKt7zUkLg2lo3XX4xSO7vOPHqRlY/edit?usp=sharing,Spark,Hive,Data,Schema: Structure,Job/task failure,Interaction,Code specific to downstream interaction: Connector ,Unspoken Convention,Table,Yes,
SPARK-22752,https://docs.google.com/document/d/1VnCaKqWKNd2GBHsWvubLC6z-2H4t-8WXPZZP3dkxcrM/edit?usp=sharing,Spark,HDFS,Data,Schema: Value,Job/task failure,Interaction,Code not specific to downstream interaction ,Undefined Values,Stream,No,
SPARK-2569,https://docs.google.com/document/d/1GAxGtnxCkzwBahsL01AQbsSVpKr68tuYf_ki8nZ1Iqc/edit?usp=sharing,Spark,Hive,Data,Address,Job/task failure,Interaction,Code specific to downstream interaction: Connector ,Wrong API Assumptions,Table,No,
SPARK-27239,https://docs.google.com/document/d/11BMVyS71WNeVhsmbTQDCax2kmq92bjG9KObj_6Gz23U/edit?usp=sharing,Spark,HDFS,Data,Custom Property,Job/task failure,Checking,Code not specific to downstream interaction ,Undefined Values,File,No,
SPARK-29234,https://docs.google.com/document/d/1iO2xUY328bXPgEwGtbfbVPyDuUFu6MqmqOZdcRrwZ_I/edit?usp=sharing,Spark,Hive,Data,Schema: Structure,Job/task failure,Checking,Code specific to downstream interaction: Connector ,Unsupported Operations,Table,No,
SPARK-3891,https://docs.google.com/document/d/1uILokexK-bt6Dk7dmaz-PPW_pH8SFIatjaYEAxz4Qbs/edit?usp=sharing,Spark,Hive,Data,Schema: Value,Job/task failure,Interaction,Code specific to downstream interaction: Connector ,Unsupported Operations,Table,No,
SPARK-4908,https://docs.google.com/document/d/1SdUpP-n6l86BDSVYF46WG0zy7uj4KJYYDg11HWl1chc/edit?usp=sharing,Spark,Hive,Control,,Runtime crash/hang,Interaction,Code specific to downstream interaction: Connector ,API Semantics Violation,,,
SPARK-4968,https://docs.google.com/document/d/1KSBnW8c1oD0RFhxhfmHxbIPCfLQra2gUZgA29qY4pWQ/edit?usp=sharing,Spark,Hive,Data,Schema: Value,Job/task failure,Checking,Code not specific to downstream interaction ,Undefined Values,Table,No,
SPARK-7937,https://docs.google.com/document/d/1uIkYYZ_vxszsHpqZF3YNguwvCaDBsmyKCXqJDsx_9fA/edit?usp=sharing,Spark,Hive,Data,Schema: Value,Job/task failure,Interaction,Code not specific to downstream interaction ,Unsupported Operations,Table,No,
FLINK-17788,https://docs.google.com/document/d/12lYPPTjYIk6I5CRisO5RSASZK2Xxd8tu84UuS7EkyFQ/edit?usp=sharing,Flink,YARN,Management,,Job/task crash/hang,Interaction,Code specific to downstream interaction: Scattered ,Inconsistent Context,,,Parameter
SPARK-9685,https://docs.google.com/document/d/1dovXJ6XitpmCFpdNvcmpvS5QPvo7qs9eD_gU2YqUvdg/edit?usp=sharing,Spark,Hive,Data,Schema: Value,Job/task failure,Checking,Code specific to downstream interaction: Connector ,Unsupported Operations,Table,Yes,
YARN-8223,https://docs.google.com/document/d/1gG2IZv9NwlEeG8rXT4kNnqIb3znspF0Gx_IhlE-Y3qg/edit?usp=sharing,YARN,HDFS,Data,Custom Property,Job/task startup failure,Checking,Code not specific to downstream interaction ,Wrong API Assumptions,File,No,
FLINK-3156,https://docs.google.com/document/d/1hAqIRQtXmtR40TIWm5ErWQ5U-eUW3soH-zqzTnyBfLc/edit?usp=sharing,Flink,Kafka,Management,,Job/task crash/hang,Checking,Code specific to downstream interaction: Connector ,Monitoring discrepancy,,,
SPARK-8623,https://docs.google.com/document/d/1iauNXgICEabgC8ROQLl1Iyk5ZfCeaZNiz5z0swhEsHw/edit?usp=sharing,Spark,YARN,Management,,Job/task crash/hang,Interaction,Code not specific to downstream interaction ,Ignorance,,,Component
SPARK-19912,https://docs.google.com/document/d/1QmyHfixnTd8IIEozURlcL4Xku0gdLhUKy-dFiuytxIg/edit,Spark,Hive,Data,API semantics,Wrong results,Checking,Code specific to downstream interaction: Connector ,Unspoken Convention,Table,No,
SPARK-25206,https://docs.google.com/document/d/1HM63jpP7eLOJoD2tvwJT1P4uU59pVugUdZ94-J-hcFA/edit?usp=sharing,Spark,Hive,Data,Schema: Structure,Wrong results,Others,N.A.,Unspoken Convention,Table,No,
FLINK-7143,https://docs.google.com/document/d/1-40HUymNlUGykGiMw5tJt5fMclv1EEftu_1B13wO0MA/edit?usp=sharing,Flink,Kafka,Control,,Data loss,Interaction,Code specific to downstream interaction: Connector ,API Semantics Violation,,,
SPARK-15046,https://docs.google.com/document/d/1FTxaGRecH1iSBuZdjruft_Tvl178nXms-0E0JmV23NE/edit?usp=sharing,Spark,YARN,Management,,Job/task crash/hang,Interaction,Code specific to downstream interaction: Connector ,Mishandling Configuration Value,,,Parameter
FLINK-1635,https://docs.google.com/document/d/16CUYLx0Wo9NCNIbYGqSGz57zu03IlOJr4M5qrJgNZG4/edit,Flink,Hive,Management,,Job/task crash/hang,Interaction,Code not specific to downstream interaction ,Inconsistent Context,,,Component
FLINK-3067,https://docs.google.com/document/d/1NR3lbIB7Oditl6_FYwd199ncEf6wVn-u_gjuavpynjs/edit?usp=sharing,Flink,Kafka,Management,,Job/task crash/hang,Interaction,Code specific to downstream interaction: Connector ,Monitoring discrepancy,,,
FLINK-5379,https://docs.google.com/document/d/1_PKCmr_hwVNgQsdbBDVFCYGbRtpwqfwUs-uhzJZFEBw/edit?usp=sharing,Flink,YARN,Management,,Job/task crash/hang,Error handling,Code specific to downstream interaction: Connector ,Mishandling Configuration Value,,,Component
HIVE-3355,https://docs.google.com/document/d/1vMxOvOnQYlEximdJUycLbome1mjm3BVp5OhuwdhBPDg/edit,Hive,HDFS,Data,Schema: Value,Usability,Interaction,Code not specific to downstream interaction ,Unspoken Convention,Table,Yes,
FLINK-8270,https://docs.google.com/document/d/1f6ZZNCI-TNpHF0AAh60hrZyYnPFvDloBM06UYl-QPmk/edit?usp=sharing,Flink,YARN,Management,,Job/task crash/hang,Interaction,Code specific to downstream interaction: Connector ,Inconsistent Context,,,Parameter
SPARK-23789,https://docs.google.com/document/d/19ER6WOp3vu2JHXywHp52ZBbKXjnFwuxvmVZrtKSBew0/edit?usp=sharing,Spark,Hive,Management,,Job/task crash/hang,Checking,Code specific to downstream interaction: Connector ,Ignorance,,,Parameter
FLINK-19141,https://docs.google.com/document/d/1ituosWRScvxFLDhSF886ds7yksqw8GCDj2Tq4hE2USQ/edit?usp=sharing,Flink,YARN,Management,,Job/task crash/hang,Checking,Code specific to downstream interaction: Connector ,Inconsistent Context,,,Parameter
SPARK-21150,https://docs.google.com/document/d/1eej7dTUXCbXI4xJitR-WNxxLjaQ2syFVjuTIQrfQs3c/edit?usp=sharing,Spark,Hive,Data,Schema: Structure,Wrong results,Checking,Code specific to downstream interaction: Connector ,Unspoken Convention,Table,No,
SPARK-17566,https://docs.google.com/document/d/1SlfCp9MRQm2L7xlf-g-wNBKO3B4_J01pAVd-rvm_FO8/edit?usp=sharing,Spark,YARN,Management,,Job/task crash/hang,Checking,Code specific to downstream interaction: Scattered ,Unexpected Override,,,Parameter
SPARK-3657,https://docs.google.com/document/d/17bwB0eMTFsxxh1iWV4KB5usR2agYVtnkeLowPmvHa2U/edit?usp=sharing,Spark,YARN,Management,,Job/task crash/hang,Checking,Code specific to downstream interaction: Connector ,Inconsistent Context,,,Parameter
HIVE-16854,https://docs.google.com/document/d/1xyikGQOlOxSvTbMwkuIK5r_6hJX01vMORW7jCZvstj8/edit,Hive,Spark,Control,,Performance issue,Interaction,Code specific to downstream interaction: Connector ,API Semantics Violation,,,
HIVE-1444,https://issues.apache.org/jira/browse/HIVE-1444,Hive,HDFS,Data,Address,Job/task failure,Checking,Code specific to downstream interaction: Scattered,Unsupported Operations,File,No,
SPARK-4267,https://docs.google.com/document/d/1c-_nBLeD6-PsQYXnIcv3uqUFuEzzdLPE9PsJNKbsm9Q/edit,Spark,YARN,Management,,Job/task crash/hang,Interaction,Code specific to downstream interaction: Connector ,Unexpected Override,,,Parameter
FLINK-17996,https://docs.google.com/document/d/1abxCwG8FjJzLpcmTnUpoguhSZhz0L1f8tVNJnlZZkgY/edit,Flink,Hive,Data,Schema: Value,Job/task failure,Checking,Code not specific to downstream interaction ,Undefined Values,Table,No,
SPARK-5164,https://docs.google.com/document/d/1rIeGeI5M8_xMvLqGf7U7wWHnGG2XBUrE4XpTi7hVsTA/edit,Spark,YARN,Management,,Job/task crash/hang,Interaction,Code specific to downstream interaction: Connector ,Inconsistent Context,,,Component
SPARK-13955,https://docs.google.com/document/d/1ghZwNwn79Tg_NvzAwIOyHRAJSjwIvTDcBuzVyVCE2xM/edit,Spark,HDFS,Data,Custom Property,Job/task startup failure,Checking,Code specific to downstream interaction: Connector ,Wrong API Assumptions,File,No,
HIVE-21218,https://docs.google.com/document/d/1lWKmGyngi7-VkJy4nhBsqIAhd2GqbDnDkYOEwNtW8To/edit,Hive,Kafka,Data,Schema: Structure,Job/task failure,Checking,Code specific to downstream interaction: Connector ,Type Confusion,Table,Yes,
SPARK-6675,https://docs.google.com/document/d/1FqlE-PhBqhwghLfdUyBcHSV-0RBqMGJuXFCIA4F7sgc/edit?usp=sharing,Spark,Hive,Management,,Unexpected Behaviour,Others,N.A.,Unexpected Override,,,Component
SPARK-22587,https://docs.google.com/document/d/1iFcKvH8gsUjltRSZpGhKxvcgQ8chQm6nUaTZouQAJNU/edit,Spark,YARN,Data,Address,Job/task startup failure,Checking,Code specific to downstream interaction: Connector ,Unsupported Operations,File,No,
HIVE-4247,https://issues.apache.org/jira/browse/HIVE-4247,Hive,HBase,Data,API semantics,Performance issues,Interaction,Code specific to downstream interaction: Connector ,Wrong API Assumptions,Table,No,
FLINK-17940,https://issues.apache.org/jira/browse/FLINK-17940,Flink,Kafka,Data,Schema: Structure,Job/task failure,Interaction,Code specific to downstream interaction: Connector ,Type Confusion,Table,Yes,
FLINK-4027,https://issues.apache.org/jira/browse/FLINK-4027,Flink,Kafka,Control,,Data loss,Interaction,Code specific to downstream interaction: Connector ,API Semantics Violation,,,
HIVE-15203,https://issues.apache.org/jira/browse/HIVE-15203,Hive,HDFS,Data,Address,Job/task failure,Checking,Code specific to downstream interaction: Scattered ,Unsupported Operations,File,No,
SPARK-10741,https://issues.apache.org/jira/browse/SPARK-10741,Spark,Hive,Data,API semantics,Job/task failure,Interaction,Code specific to downstream interaction: Connector ,Unspoken Convention,Table,No,
FLINK-16827,https://issues.apache.org/jira/browse/FLINK-16827,Flink,Kafka,Data,API semantics,Job/task failure,Interaction,Code not specific to downstream interaction ,Wrong API Assumptions,Table,No,
HIVE-11609,https://issues.apache.org/jira/browse/HIVE-11609,Hive,HBase,Data,API semantics,Job/task failure,Interaction,Code specific to downstream interaction: Connector ,Wrong API Assumptions,Table,No,
FLINK-13385,https://issues.apache.org/jira/browse/FLINK-13385,Flink,Hive,Data,Schema: Value,Job/task failure,Interaction,Code specific to downstream interaction: Connector ,Unsupported Operations,Table,No,
SPARK-22341,https://issues.apache.org/jira/browse/SPARK-22341,Spark,YARN,Data,Custom Property,Job/task failure,Interaction,Code specific to downstream interaction: Connector ,Wrong API Assumptions,File,No,
HIVE-11250,https://docs.google.com/document/d/1l0rCKXT7DP1Dt51-R_DOZustF7853T8DEfMuJysuOp0/edit?usp=sharing,Hive,Spark,Management,,Unexpected Behaviour,Interaction,Code specific to downstream interaction: Scattered ,Ignorance,,,Component
FLINK-10526,https://docs.google.com/document/d/1P5F93yRghNU8nPv6liXNHAgp2cnaV8jdOlON-RA0_Tg/edit?usp=sharing,Flink,HDFS,Management,,Unexpected Behaviour,Interaction,Code specific to downstream interaction: Connector ,Ignorance,,,Parameter
HIVE-3335,https://issues.apache.org/jira/browse/HIVE-3335,Hive,HDFS,Data,API semantics,Resource leak,Error handling,Code not specific to downstream interaction ,Wrong API Assumptions,File,No,
SPARK-8374,https://docs.google.com/document/d/1pUAuf-X9f_JrAJf5Gmh5f8foy6pyQ_Kd3LuJPsUNkmM/edit?usp=sharing,Spark,YARN,Control,,Runtime crash/hang,Interaction,Code not specific to downstream interaction ,State/Resource Inconsistency,,,
SPARK-11851,https://issues.apache.org/jira/browse/SPARK-11851,Spark,Hive,Management,,Job/task crash/hang,Interaction,Code specific to downstream interaction: Connector ,Ignorance,,,Parameter
SPARK-11023,https://issues.apache.org/jira/browse/SPARK-11023,Spark,YARN,Data,Address,Job/task startup failure,Interaction,Code specific to downstream interaction: Connector ,Unsupported Operations,File,No,
FLINK-3675,https://issues.apache.org/jira/browse/FLINK-3675,Flink,YARN,Data,Custom Property,Job/task startup failure,Interaction,Code specific to downstream interaction: Connector ,Wrong API Assumptions,File,No,
FLINK-5542,https://issues.apache.org/jira/browse/FLINK-5542,Flink,YARN,Control,,Startup failure,Checking,Code specific to downstream interaction: Connector ,API Semantics Violation,,,
HIVE-7237,https://issues.apache.org/jira/browse/HIVE-7237,Hive,YARN,Control,,Runtime crash/hang,Checking,Code specific to downstream interaction: Scattered,API Semantics Violation,,,
FLINK-10435,https://issues.apache.org/jira/browse/FLINK-10435,Flink,YARN,Control,,Runtime crash/hang,Interaction,Code specific to downstream interaction: Connector ,API Semantics Violation,,,
SPARK-18910,https://issues.apache.org/jira/browse/SPARK-18910,Spark,HDFS,Data,Address,Job/task failure,Interaction,Code not specific to downstream interaction ,Unsupported Operations,File,No,
FLINK-6641,https://issues.apache.org/jira/browse/FLINK-6641,Flink,YARN,Control,,Runtime crash/hang,Interaction,Code not specific to downstream interaction ,API Semantics Violation,,,
FLINK-887,https://issues.apache.org/jira/browse/FLINK-887,Flink,YARN,Management,,Job/task crash/hang,Interaction,Code specific to downstream interaction: Connector ,Monitoring discrepancy,,,
SPARK-19187,https://issues.apache.org/jira/browse/SPARK-19187,Spark,HDFS,Data,API semantics,Job/task failure,Error handling,Code not specific to downstream interaction ,Wrong API Assumptions,File,No,
SPARK-3685,https://docs.google.com/document/d/1p0m6gFi4yj7MUd6Fc89H3acCyeWMT0jJlc9w4EP9Sc8/edit?usp=sharing,Spark,HDFS,Management,,"Unexpected Behaviour
 ",Error handling,Code not specific to downstream interaction ,Unexpected Override,,,Parameter
SPARK-4554,https://docs.google.com/document/d/1kZFkrdz9n_EWfWMqERvbh7LBccLvW2WFPLcJ_pVqa6Q/edit#,Spark,Hive,Management,,"Unexpected Behaviour
 ",Interaction,Code specific to downstream interaction: Connector ,Ignorance,,,Parameter
SPARK-3033,https://issues.apache.org/jira/browse/SPARK-3033,Spark,Hive,Data,Schema: Value,Job/task failure,Interaction,Code specific to downstream interaction: Connector ,Type Confusion,Table,Yes,